,kcal,carbs,protein,fat
Day 1,3434.66,26.38665631210929,41.64489841685987,31.968445271030838
